[{"model": "auth.permission", "pk": 1, "fields": {"name": "Can add log entry", "content_type": 1, "codename": "add_logentry"}}, {"model": "auth.permission", "pk": 2, "fields": {"name": "Can change log entry", "content_type": 1, "codename": "change_logentry"}}, {"model": "auth.permission", "pk": 3, "fields": {"name": "Can delete log entry", "content_type": 1, "codename": "delete_logentry"}}, {"model": "auth.permission", "pk": 4, "fields": {"name": "Can view log entry", "content_type": 1, "codename": "view_logentry"}}, {"model": "auth.permission", "pk": 5, "fields": {"name": "Can add permission", "content_type": 2, "codename": "add_permission"}}, {"model": "auth.permission", "pk": 6, "fields": {"name": "Can change permission", "content_type": 2, "codename": "change_permission"}}, {"model": "auth.permission", "pk": 7, "fields": {"name": "Can delete permission", "content_type": 2, "codename": "delete_permission"}}, {"model": "auth.permission", "pk": 8, "fields": {"name": "Can view permission", "content_type": 2, "codename": "view_permission"}}, {"model": "auth.permission", "pk": 9, "fields": {"name": "Can add group", "content_type": 3, "codename": "add_group"}}, {"model": "auth.permission", "pk": 10, "fields": {"name": "Can change group", "content_type": 3, "codename": "change_group"}}, {"model": "auth.permission", "pk": 11, "fields": {"name": "Can delete group", "content_type": 3, "codename": "delete_group"}}, {"model": "auth.permission", "pk": 12, "fields": {"name": "Can view group", "content_type": 3, "codename": "view_group"}}, {"model": "auth.permission", "pk": 13, "fields": {"name": "Can add content type", "content_type": 4, "codename": "add_contenttype"}}, {"model": "auth.permission", "pk": 14, "fields": {"name": "Can change content type", "content_type": 4, "codename": "change_contenttype"}}, {"model": "auth.permission", "pk": 15, "fields": {"name": "Can delete content type", "content_type": 4, "codename": "delete_contenttype"}}, {"model": "auth.permission", "pk": 16, "fields": {"name": "Can view content type", "content_type": 4, "codename": "view_contenttype"}}, {"model": "auth.permission", "pk": 17, "fields": {"name": "Can add session", "content_type": 5, "codename": "add_session"}}, {"model": "auth.permission", "pk": 18, "fields": {"name": "Can change session", "content_type": 5, "codename": "change_session"}}, {"model": "auth.permission", "pk": 19, "fields": {"name": "Can delete session", "content_type": 5, "codename": "delete_session"}}, {"model": "auth.permission", "pk": 20, "fields": {"name": "Can view session", "content_type": 5, "codename": "view_session"}}, {"model": "auth.permission", "pk": 21, "fields": {"name": "Can add user", "content_type": 6, "codename": "add_user"}}, {"model": "auth.permission", "pk": 22, "fields": {"name": "Can change user", "content_type": 6, "codename": "change_user"}}, {"model": "auth.permission", "pk": 23, "fields": {"name": "Can delete user", "content_type": 6, "codename": "delete_user"}}, {"model": "auth.permission", "pk": 24, "fields": {"name": "Can view user", "content_type": 6, "codename": "view_user"}}, {"model": "auth.permission", "pk": 25, "fields": {"name": "Can add shelter", "content_type": 7, "codename": "add_shelter"}}, {"model": "auth.permission", "pk": 26, "fields": {"name": "Can change shelter", "content_type": 7, "codename": "change_shelter"}}, {"model": "auth.permission", "pk": 27, "fields": {"name": "Can delete shelter", "content_type": 7, "codename": "delete_shelter"}}, {"model": "auth.permission", "pk": 28, "fields": {"name": "Can view shelter", "content_type": 7, "codename": "view_shelter"}}, {"model": "auth.permission", "pk": 29, "fields": {"name": "Can add seeker", "content_type": 8, "codename": "add_seeker"}}, {"model": "auth.permission", "pk": 30, "fields": {"name": "Can change seeker", "content_type": 8, "codename": "change_seeker"}}, {"model": "auth.permission", "pk": 31, "fields": {"name": "Can delete seeker", "content_type": 8, "codename": "delete_seeker"}}, {"model": "auth.permission", "pk": 32, "fields": {"name": "Can view seeker", "content_type": 8, "codename": "view_seeker"}}, {"model": "auth.permission", "pk": 33, "fields": {"name": "Can add blog post", "content_type": 9, "codename": "add_blogpost"}}, {"model": "auth.permission", "pk": 34, "fields": {"name": "Can change blog post", "content_type": 9, "codename": "change_blogpost"}}, {"model": "auth.permission", "pk": 35, "fields": {"name": "Can delete blog post", "content_type": 9, "codename": "delete_blogpost"}}, {"model": "auth.permission", "pk": 36, "fields": {"name": "Can view blog post", "content_type": 9, "codename": "view_blogpost"}}, {"model": "auth.permission", "pk": 37, "fields": {"name": "Can add pet listing", "content_type": 10, "codename": "add_petlisting"}}, {"model": "auth.permission", "pk": 38, "fields": {"name": "Can change pet listing", "content_type": 10, "codename": "change_petlisting"}}, {"model": "auth.permission", "pk": 39, "fields": {"name": "Can delete pet listing", "content_type": 10, "codename": "delete_petlisting"}}, {"model": "auth.permission", "pk": 40, "fields": {"name": "Can view pet listing", "content_type": 10, "codename": "view_petlisting"}}, {"model": "auth.permission", "pk": 41, "fields": {"name": "Can add comment", "content_type": 11, "codename": "add_comment"}}, {"model": "auth.permission", "pk": 42, "fields": {"name": "Can change comment", "content_type": 11, "codename": "change_comment"}}, {"model": "auth.permission", "pk": 43, "fields": {"name": "Can delete comment", "content_type": 11, "codename": "delete_comment"}}, {"model": "auth.permission", "pk": 44, "fields": {"name": "Can view comment", "content_type": 11, "codename": "view_comment"}}, {"model": "auth.permission", "pk": 45, "fields": {"name": "Can add application", "content_type": 12, "codename": "add_application"}}, {"model": "auth.permission", "pk": 46, "fields": {"name": "Can change application", "content_type": 12, "codename": "change_application"}}, {"model": "auth.permission", "pk": 47, "fields": {"name": "Can delete application", "content_type": 12, "codename": "delete_application"}}, {"model": "auth.permission", "pk": 48, "fields": {"name": "Can view application", "content_type": 12, "codename": "view_application"}}, {"model": "auth.permission", "pk": 49, "fields": {"name": "Can add notification", "content_type": 13, "codename": "add_notification"}}, {"model": "auth.permission", "pk": 50, "fields": {"name": "Can change notification", "content_type": 13, "codename": "change_notification"}}, {"model": "auth.permission", "pk": 51, "fields": {"name": "Can delete notification", "content_type": 13, "codename": "delete_notification"}}, {"model": "auth.permission", "pk": 52, "fields": {"name": "Can view notification", "content_type": 13, "codename": "view_notification"}}, {"model": "contenttypes.contenttype", "pk": 1, "fields": {"app_label": "admin", "model": "logentry"}}, {"model": "contenttypes.contenttype", "pk": 2, "fields": {"app_label": "auth", "model": "permission"}}, {"model": "contenttypes.contenttype", "pk": 3, "fields": {"app_label": "auth", "model": "group"}}, {"model": "contenttypes.contenttype", "pk": 4, "fields": {"app_label": "contenttypes", "model": "contenttype"}}, {"model": "contenttypes.contenttype", "pk": 5, "fields": {"app_label": "sessions", "model": "session"}}, {"model": "contenttypes.contenttype", "pk": 6, "fields": {"app_label": "accounts", "model": "user"}}, {"model": "contenttypes.contenttype", "pk": 7, "fields": {"app_label": "accounts", "model": "shelter"}}, {"model": "contenttypes.contenttype", "pk": 8, "fields": {"app_label": "accounts", "model": "seeker"}}, {"model": "contenttypes.contenttype", "pk": 9, "fields": {"app_label": "accounts", "model": "blogpost"}}, {"model": "contenttypes.contenttype", "pk": 10, "fields": {"app_label": "listings", "model": "petlisting"}}, {"model": "contenttypes.contenttype", "pk": 11, "fields": {"app_label": "comments", "model": "comment"}}, {"model": "contenttypes.contenttype", "pk": 12, "fields": {"app_label": "applications", "model": "application"}}, {"model": "contenttypes.contenttype", "pk": 13, "fields": {"app_label": "notifications", "model": "notification"}}, {"model": "accounts.user", "pk": 1, "fields": {"password": "pbkdf2_sha256$600000$UzPHvqK8mFl9KWgnl0PX8d$/bx0VsSWjhQyO07XM01Lsj9+f4TCJtu9O2/1ZSPQanI=", "last_login": null, "is_superuser": false, "username": "manav", "first_name": "", "last_name": "", "is_staff": false, "is_active": true, "date_joined": "2023-12-09T19:45:47.883Z", "email": "manav@gmail.com", "is_pet_seeker": true, "is_shelter": false, "groups": [], "user_permissions": []}}, {"model": "accounts.user", "pk": 2, "fields": {"password": "pbkdf2_sha256$600000$NiCzwQzpZge7HpOxCBxUZd$W7i9JdaHdtXiHRyUuWRk+ERJ6SzlGnbgLOkrJkvHSJY=", "last_login": null, "is_superuser": false, "username": "darpan", "first_name": "", "last_name": "", "is_staff": false, "is_active": true, "date_joined": "2023-12-09T19:46:42.832Z", "email": "darpan@gmail.com", "is_pet_seeker": true, "is_shelter": false, "groups": [], "user_permissions": []}}, {"model": "accounts.user", "pk": 3, "fields": {"password": "pbkdf2_sha256$600000$4OPClsSBgK1MqgzvCPat2w$dOEpWT5Ju/NMZdrWHI8FDZPSOGmzMS2JH8VUWBPeuao=", "last_login": null, "is_superuser": false, "username": "aryan", "first_name": "", "last_name": "", "is_staff": false, "is_active": true, "date_joined": "2023-12-09T19:46:57.729Z", "email": "aryan@gmail.com", "is_pet_seeker": true, "is_shelter": false, "groups": [], "user_permissions": []}}, {"model": "accounts.user", "pk": 4, "fields": {"password": "pbkdf2_sha256$600000$ygWslhTgj0pP9H7LojPWlW$L8rdyOYKUg/WbLZhvd3dKw8dA3xKUngXomyNh21Pr+o=", "last_login": null, "is_superuser": false, "username": "shelter1", "first_name": "", "last_name": "", "is_staff": false, "is_active": true, "date_joined": "2023-12-09T19:48:18.475Z", "email": "shelter1@gmail.com", "is_pet_seeker": false, "is_shelter": true, "groups": [], "user_permissions": []}}, {"model": "accounts.user", "pk": 5, "fields": {"password": "pbkdf2_sha256$600000$Zt7cuzvzfXY6tSi5zfOnLx$q96A9oG/IyK1bVz6I62MATt9OXVkY1Isd+fcCHaOAJU=", "last_login": null, "is_superuser": false, "username": "shelter2", "first_name": "", "last_name": "", "is_staff": false, "is_active": true, "date_joined": "2023-12-09T19:49:07.178Z", "email": "shelter2@gmail.com", "is_pet_seeker": false, "is_shelter": true, "groups": [], "user_permissions": []}}, {"model": "accounts.user", "pk": 6, "fields": {"password": "pbkdf2_sha256$600000$GZsrzKJ3utVmC7zGHFdMeO$DIcagd7Xw7ZHbQJMiVhYHq5+waGwAG5VBq4A6hW+Lrg=", "last_login": null, "is_superuser": false, "username": "shelter3", "first_name": "", "last_name": "", "is_staff": false, "is_active": true, "date_joined": "2023-12-09T19:50:04.732Z", "email": "shelter3@gmail.com", "is_pet_seeker": false, "is_shelter": true, "groups": [], "user_permissions": []}}, {"model": "accounts.shelter", "pk": 4, "fields": {"name": "Toronto Humane Society", "location": "11 River St, Toronto, ON M5A 4C2", "mission_statement": "Toronto Humane Society goes beyond just being an animal shelter. We provide shelter, care, training, Veterinary support and a second chance to animals in need. Setting them up for a joyous and happy new life. Providing a full range of services to support guardians and their pets at all stages; training and behavioural support, temporary sheltering, accessible veterinary care and pet food support. Ensuring we are doing all we can to help animals get healthy, remain healthy and experience a better life together with their guardians. Strengthening the human-animal bond not just for our shelter animals but for all the animals in our community."}}, {"model": "accounts.shelter", "pk": 5, "fields": {"name": "Etobicoke Humane Society", "location": "67 Six Point Rd, Etobicoke, ON M8Z 2X3", "mission_statement": "The Etobicoke Humane Society (EHS) is an independent, all-volunteer, federally registered charity serving the Greater Toronto Area since 1987. EHS operates entirely from donations and our own fundraising efforts. Everyone involved at EHS is a volunteer, including our board of directors, shelter volunteers, office volunteers and program coordinators. EHS has no paid employees. We care for cats and dogs, offer on-site sheltering and adoption. EHS does not euthanize any animal due to lack of space. We help dogs and cats find their forever home."}}, {"model": "accounts.shelter", "pk": 6, "fields": {"name": "Holly's Hope for animals in need", "location": "116 Springhurst Ave, Toronto, ON M6K 1C1", "mission_statement": "Holly's Hope for Animals in Need is a registered company in Toronto ON, producing events which raise funds for and awareness of animals in need. We are in no way associated with the cat rescue that is using our name."}}, {"model": "accounts.seeker", "pk": 1, "fields": {"name": "Manav Manoj Malviya", "location": "44 Gerrard St W", "profile_picture": ""}}, {"model": "accounts.seeker", "pk": 2, "fields": {"name": "Darpan Mishra", "location": "Polo 1, Toronto", "profile_picture": ""}}, {"model": "accounts.seeker", "pk": 3, "fields": {"name": "Aryan Goel", "location": "Polo 1, Toronto", "profile_picture": ""}}, {"model": "accounts.blogpost", "pk": 1, "fields": {"shelter": 4, "title": "Access to Care", "content": "Access to animal care and support is a critical challenge facing animals globally.\n\nWhat do we mean when we say access to care? We are referring to a family’s ability to seek out, understand, and obtain the services and support necessary for their animal’s health and well-being. In 2018, The University of Tennessee Knoxville, in collaboration with support from Maddie’s Fund, published a report on Access to Veterinary Care, examining and identifying some of the key barriers standing in the way of access.\n\nUnsurprisingly, the number one reported barrier by pet parents in the study was cost, however, looking at cost through a superficial lens would not lead us to long-term change or a positive outcome. We need to look deeper to understand the root causes that are creating barriers and standing in the way of broader access to care and support.\n\nThis report focuses on the state of affairs in the United States, and so, to better understand a Canadian context, we have reviewed Canadian data to fully grasp the state of affairs in our country.", "publication_date": "2023-12-09T21:29:11.145Z", "creator": "Toronto Humane Society"}}, {"model": "listings.petlisting", "pk": 1, "fields": {"shelter": 4, "photos": "pet_photos/cat3.jpeg", "name": "Rose", "breed": "cat", "age": 8, "gender": "male", "size": "medium", "description": "Rose can be a mean cat. She loves to run around the house.", "status": "available"}}, {"model": "listings.petlisting", "pk": 2, "fields": {"shelter": 4, "photos": "pet_photos/cat4.jpeg", "name": "Whiskers", "breed": "cat", "age": 5, "gender": "female", "size": "small", "description": "Whiskers is a playful and friendly cat. He loves to cuddle and enjoys chasing laser pointers.", "status": "available"}}, {"model": "listings.petlisting", "pk": 3, "fields": {"shelter": 4, "photos": "pet_photos/cat9.png", "name": "Garfield", "breed": "cat", "age": 68, "gender": "male", "size": "large", "description": "Garfield is an orange cat belonging to Jon Arbuckle. As a kitten, he develops a taste for lasagna, which would become his favorite food.", "status": "available"}}, {"model": "listings.petlisting", "pk": 5, "fields": {"shelter": 4, "photos": "pet_photos/dog1.jpeg", "name": "Bella", "breed": "dog", "age": 5, "gender": "female", "size": "small", "description": "Meet Bella, a loving and energetic dog. She enjoys long walks in the park and playing fetch.", "status": "available"}}, {"model": "listings.petlisting", "pk": 6, "fields": {"shelter": 4, "photos": "pet_photos/dgo2.jpeg", "name": "Charlie", "breed": "dog", "age": 3, "gender": "male", "size": "small", "description": "Meet Charlie, a loving and energetic dog. He enjoys long walks in the park and playing fetch.", "status": "available"}}, {"model": "listings.petlisting", "pk": 7, "fields": {"shelter": 4, "photos": "pet_photos/dog3.jpeg", "name": "Ruckus", "breed": "dog", "age": 10, "gender": "male", "size": "large", "description": "Don't worry this cute big dog won't cause a ruckus", "status": "available"}}, {"model": "listings.petlisting", "pk": 9, "fields": {"shelter": 4, "photos": "pet_photos/dog5.jpeg", "name": "Ruffy", "breed": "dog", "age": 5, "gender": "male", "size": "medium", "description": "This doggy is so cute he really likes to eat bones!", "status": "available"}}, {"model": "listings.petlisting", "pk": 10, "fields": {"shelter": 4, "photos": "pet_photos/dog6.jpeg", "name": "Snoopy", "breed": "dog", "age": 8, "gender": "male", "size": "medium", "description": "Snoopy is cartoony and cries a lot but you will love him!", "status": "available"}}, {"model": "listings.petlisting", "pk": 11, "fields": {"shelter": 4, "photos": "pet_photos/dog7.jpeg", "name": "Chica", "breed": "dog", "age": 1, "gender": "female", "size": "small", "description": "This small little young doggy would love an owner soon!", "status": "available"}}, {"model": "listings.petlisting", "pk": 12, "fields": {"shelter": 4, "photos": "pet_photos/dog8.jpeg", "name": "Fuzz", "breed": "dog", "age": 14, "gender": "male", "size": "large", "description": "He is a big, fat, smelly dog. He is also the cutest dog.", "status": "available"}}, {"model": "listings.petlisting", "pk": 13, "fields": {"shelter": 5, "photos": "pet_photos/parrot1.jpeg", "name": "Polly", "breed": "parrot", "age": 2, "gender": "female", "size": "small", "description": "Polly is a colorful parrot with a talent for mimicking human speech. She loves singing and perching on shoulders.", "status": "available"}}, {"model": "listings.petlisting", "pk": 14, "fields": {"shelter": 5, "photos": "pet_photos/parrot2.jpeg", "name": "Rio", "breed": "parrot", "age": 5, "gender": "male", "size": "medium", "description": "Rio is a talkative parrot with vibrant feathers. He enjoys mimicking sounds and singing along to music.", "status": "available"}}, {"model": "listings.petlisting", "pk": 15, "fields": {"shelter": 5, "photos": "pet_photos/parrot3.jpeg", "name": "Sunny", "breed": "parrot", "age": 3, "gender": "female", "size": "small", "description": "Sunny is a cheerful parrot with vibrant plumage. She loves perching on shoulders and sharing conversations.", "status": "available"}}, {"model": "listings.petlisting", "pk": 16, "fields": {"shelter": 5, "photos": "pet_photos/bunny1.jpeg", "name": "Cotton", "breed": "rabbit", "age": 1, "gender": "female", "size": "small", "description": "Cotton is a soft and adorable rabbit. She loves hopping around and munching on fresh veggies.", "status": "available"}}, {"model": "listings.petlisting", "pk": 17, "fields": {"shelter": 5, "photos": "pet_photos/bunny2.jpeg", "name": "Bunny", "breed": "rabbit", "age": 4, "gender": "male", "size": "medium", "description": "Bunny is a soft and adorable rabbit. He loves hopping around and munching on fresh carrots.", "status": "available"}}, {"model": "listings.petlisting", "pk": 18, "fields": {"shelter": 6, "photos": "pet_photos/bunny4.jpeg", "name": "BiggyEars", "breed": "rabbit", "age": 10, "gender": "male", "size": "large", "description": "BiggyEars is massive rabbit with really huge ears. He can hear everything. Be careful.", "status": "available"}}, {"model": "listings.petlisting", "pk": 19, "fields": {"shelter": 6, "photos": "pet_photos/remy4.jpeg", "name": "Remy", "breed": "rat", "age": 4, "gender": "male", "size": "small", "description": "This super small rat can cook the best ratatouille!", "status": "available"}}, {"model": "listings.petlisting", "pk": 20, "fields": {"shelter": 6, "photos": "pet_photos/Jerry_Mouse.png", "name": "Jerry", "breed": "rat", "age": 6, "gender": "male", "size": "small", "description": "This brown rat is super devious. Keep him away from Tom!", "status": "available"}}, {"model": "listings.petlisting", "pk": 21, "fields": {"shelter": 6, "photos": "pet_photos/tom.png", "name": "Tom", "breed": "cat", "age": 10, "gender": "male", "size": "large", "description": "Super obedient cat that gets a bit too excited when chasing mice like Jerry!", "status": "available"}}, {"model": "listings.petlisting", "pk": 22, "fields": {"shelter": 6, "photos": "pet_photos/spike.png", "name": "Spike and Tyke", "breed": "dog", "age": 15, "gender": "male", "size": "large", "description": "These animated bulldogs come in a pair and keep tom and jerry in check!", "status": "available"}}, {"model": "listings.petlisting", "pk": 23, "fields": {"shelter": 6, "photos": "pet_photos/oswald.jpeg", "name": "Oswald", "breed": "octopus", "age": 20, "gender": "male", "size": "large", "description": "Oswald is a preschool educational children's animated television series co-produced by HIT Entertainment and Nickelodeon.", "status": "available"}}, {"model": "comments.comment", "pk": 1, "fields": {"user": 3, "text": "Cool Shelter!", "created_at": "2023-12-09T21:26:36.184Z", "shelter": 4, "application": null, "user_name": "Aryan Goel"}}, {"model": "notifications.notification", "pk": 1, "fields": {"user": 1, "content": "A new pet listing 'Rose' is available for adoption!", "created_at": "2023-12-09T20:03:41.448Z", "read_status": false, "associated_model_type": "listing", "associated_model_id": 1}}, {"model": "notifications.notification", "pk": 2, "fields": {"user": 2, "content": "A new pet listing 'Rose' is available for adoption!", "created_at": "2023-12-09T20:03:41.450Z", "read_status": false, "associated_model_type": "listing", "associated_model_id": 1}}, {"model": "notifications.notification", "pk": 3, "fields": {"user": 3, "content": "A new pet listing 'Rose' is available for adoption!", "created_at": "2023-12-09T20:03:41.453Z", "read_status": false, "associated_model_type": "listing", "associated_model_id": 1}}, {"model": "notifications.notification", "pk": 4, "fields": {"user": 1, "content": "A new pet listing 'Whiskers' is available for adoption!", "created_at": "2023-12-09T20:05:03.614Z", "read_status": false, "associated_model_type": "listing", "associated_model_id": 2}}, {"model": "notifications.notification", "pk": 5, "fields": {"user": 2, "content": "A new pet listing 'Whiskers' is available for adoption!", "created_at": "2023-12-09T20:05:03.615Z", "read_status": false, "associated_model_type": "listing", "associated_model_id": 2}}, {"model": "notifications.notification", "pk": 6, "fields": {"user": 3, "content": "A new pet listing 'Whiskers' is available for adoption!", "created_at": "2023-12-09T20:05:03.616Z", "read_status": false, "associated_model_type": "listing", "associated_model_id": 2}}, {"model": "notifications.notification", "pk": 7, "fields": {"user": 1, "content": "A new pet listing 'Garfield' is available for adoption!", "created_at": "2023-12-09T20:07:03.221Z", "read_status": false, "associated_model_type": "listing", "associated_model_id": 3}}, {"model": "notifications.notification", "pk": 8, "fields": {"user": 2, "content": "A new pet listing 'Garfield' is available for adoption!", "created_at": "2023-12-09T20:07:03.223Z", "read_status": false, "associated_model_type": "listing", "associated_model_id": 3}}, {"model": "notifications.notification", "pk": 9, "fields": {"user": 3, "content": "A new pet listing 'Garfield' is available for adoption!", "created_at": "2023-12-09T20:07:03.224Z", "read_status": false, "associated_model_type": "listing", "associated_model_id": 3}}, {"model": "notifications.notification", "pk": 10, "fields": {"user": 1, "content": "A new pet listing 'Bella' is available for adoption!", "created_at": "2023-12-09T20:08:30.374Z", "read_status": false, "associated_model_type": "listing", "associated_model_id": 4}}, {"model": "notifications.notification", "pk": 11, "fields": {"user": 2, "content": "A new pet listing 'Bella' is available for adoption!", "created_at": "2023-12-09T20:08:30.375Z", "read_status": false, "associated_model_type": "listing", "associated_model_id": 4}}, {"model": "notifications.notification", "pk": 12, "fields": {"user": 3, "content": "A new pet listing 'Bella' is available for adoption!", "created_at": "2023-12-09T20:08:30.376Z", "read_status": false, "associated_model_type": "listing", "associated_model_id": 4}}, {"model": "notifications.notification", "pk": 13, "fields": {"user": 1, "content": "A new pet listing 'Bella' is available for adoption!", "created_at": "2023-12-09T20:09:22.055Z", "read_status": false, "associated_model_type": "listing", "associated_model_id": 5}}, {"model": "notifications.notification", "pk": 14, "fields": {"user": 2, "content": "A new pet listing 'Bella' is available for adoption!", "created_at": "2023-12-09T20:09:22.057Z", "read_status": false, "associated_model_type": "listing", "associated_model_id": 5}}, {"model": "notifications.notification", "pk": 15, "fields": {"user": 3, "content": "A new pet listing 'Bella' is available for adoption!", "created_at": "2023-12-09T20:09:22.058Z", "read_status": false, "associated_model_type": "listing", "associated_model_id": 5}}, {"model": "notifications.notification", "pk": 16, "fields": {"user": 1, "content": "A new pet listing 'Charlie' is available for adoption!", "created_at": "2023-12-09T20:11:26.685Z", "read_status": false, "associated_model_type": "listing", "associated_model_id": 6}}, {"model": "notifications.notification", "pk": 17, "fields": {"user": 2, "content": "A new pet listing 'Charlie' is available for adoption!", "created_at": "2023-12-09T20:11:26.687Z", "read_status": false, "associated_model_type": "listing", "associated_model_id": 6}}, {"model": "notifications.notification", "pk": 18, "fields": {"user": 3, "content": "A new pet listing 'Charlie' is available for adoption!", "created_at": "2023-12-09T20:11:26.688Z", "read_status": false, "associated_model_type": "listing", "associated_model_id": 6}}, {"model": "notifications.notification", "pk": 19, "fields": {"user": 1, "content": "A new pet listing 'Ruckus' is available for adoption!", "created_at": "2023-12-09T20:12:08.881Z", "read_status": false, "associated_model_type": "listing", "associated_model_id": 7}}, {"model": "notifications.notification", "pk": 20, "fields": {"user": 2, "content": "A new pet listing 'Ruckus' is available for adoption!", "created_at": "2023-12-09T20:12:08.883Z", "read_status": false, "associated_model_type": "listing", "associated_model_id": 7}}, {"model": "notifications.notification", "pk": 21, "fields": {"user": 3, "content": "A new pet listing 'Ruckus' is available for adoption!", "created_at": "2023-12-09T20:12:08.884Z", "read_status": false, "associated_model_type": "listing", "associated_model_id": 7}}, {"model": "notifications.notification", "pk": 22, "fields": {"user": 1, "content": "A new pet listing 'Ruffy' is available for adoption!", "created_at": "2023-12-09T20:12:40.932Z", "read_status": false, "associated_model_type": "listing", "associated_model_id": 8}}, {"model": "notifications.notification", "pk": 23, "fields": {"user": 2, "content": "A new pet listing 'Ruffy' is available for adoption!", "created_at": "2023-12-09T20:12:40.934Z", "read_status": false, "associated_model_type": "listing", "associated_model_id": 8}}, {"model": "notifications.notification", "pk": 24, "fields": {"user": 3, "content": "A new pet listing 'Ruffy' is available for adoption!", "created_at": "2023-12-09T20:12:40.935Z", "read_status": false, "associated_model_type": "listing", "associated_model_id": 8}}, {"model": "notifications.notification", "pk": 25, "fields": {"user": 1, "content": "A new pet listing 'Ruffy' is available for adoption!", "created_at": "2023-12-09T20:12:48.659Z", "read_status": false, "associated_model_type": "listing", "associated_model_id": 9}}, {"model": "notifications.notification", "pk": 26, "fields": {"user": 2, "content": "A new pet listing 'Ruffy' is available for adoption!", "created_at": "2023-12-09T20:12:48.661Z", "read_status": false, "associated_model_type": "listing", "associated_model_id": 9}}, {"model": "notifications.notification", "pk": 27, "fields": {"user": 3, "content": "A new pet listing 'Ruffy' is available for adoption!", "created_at": "2023-12-09T20:12:48.662Z", "read_status": false, "associated_model_type": "listing", "associated_model_id": 9}}, {"model": "notifications.notification", "pk": 28, "fields": {"user": 1, "content": "A new pet listing 'Snoopy' is available for adoption!", "created_at": "2023-12-09T20:13:31.902Z", "read_status": false, "associated_model_type": "listing", "associated_model_id": 10}}, {"model": "notifications.notification", "pk": 29, "fields": {"user": 2, "content": "A new pet listing 'Snoopy' is available for adoption!", "created_at": "2023-12-09T20:13:31.904Z", "read_status": false, "associated_model_type": "listing", "associated_model_id": 10}}, {"model": "notifications.notification", "pk": 30, "fields": {"user": 3, "content": "A new pet listing 'Snoopy' is available for adoption!", "created_at": "2023-12-09T20:13:31.905Z", "read_status": false, "associated_model_type": "listing", "associated_model_id": 10}}, {"model": "notifications.notification", "pk": 31, "fields": {"user": 1, "content": "A new pet listing 'Chica' is available for adoption!", "created_at": "2023-12-09T20:14:11.324Z", "read_status": false, "associated_model_type": "listing", "associated_model_id": 11}}, {"model": "notifications.notification", "pk": 32, "fields": {"user": 2, "content": "A new pet listing 'Chica' is available for adoption!", "created_at": "2023-12-09T20:14:11.325Z", "read_status": false, "associated_model_type": "listing", "associated_model_id": 11}}, {"model": "notifications.notification", "pk": 33, "fields": {"user": 3, "content": "A new pet listing 'Chica' is available for adoption!", "created_at": "2023-12-09T20:14:11.326Z", "read_status": false, "associated_model_type": "listing", "associated_model_id": 11}}, {"model": "notifications.notification", "pk": 34, "fields": {"user": 1, "content": "A new pet listing 'Fuzz' is available for adoption!", "created_at": "2023-12-09T20:14:48.166Z", "read_status": false, "associated_model_type": "listing", "associated_model_id": 12}}, {"model": "notifications.notification", "pk": 35, "fields": {"user": 2, "content": "A new pet listing 'Fuzz' is available for adoption!", "created_at": "2023-12-09T20:14:48.168Z", "read_status": false, "associated_model_type": "listing", "associated_model_id": 12}}, {"model": "notifications.notification", "pk": 36, "fields": {"user": 3, "content": "A new pet listing 'Fuzz' is available for adoption!", "created_at": "2023-12-09T20:14:48.169Z", "read_status": false, "associated_model_type": "listing", "associated_model_id": 12}}, {"model": "notifications.notification", "pk": 37, "fields": {"user": 1, "content": "A new pet listing 'Polly' is available for adoption!", "created_at": "2023-12-09T20:18:04.702Z", "read_status": false, "associated_model_type": "listing", "associated_model_id": 13}}, {"model": "notifications.notification", "pk": 38, "fields": {"user": 2, "content": "A new pet listing 'Polly' is available for adoption!", "created_at": "2023-12-09T20:18:04.703Z", "read_status": false, "associated_model_type": "listing", "associated_model_id": 13}}, {"model": "notifications.notification", "pk": 39, "fields": {"user": 3, "content": "A new pet listing 'Polly' is available for adoption!", "created_at": "2023-12-09T20:18:04.704Z", "read_status": false, "associated_model_type": "listing", "associated_model_id": 13}}, {"model": "notifications.notification", "pk": 40, "fields": {"user": 1, "content": "A new pet listing 'Rio' is available for adoption!", "created_at": "2023-12-09T20:18:38.376Z", "read_status": false, "associated_model_type": "listing", "associated_model_id": 14}}, {"model": "notifications.notification", "pk": 41, "fields": {"user": 2, "content": "A new pet listing 'Rio' is available for adoption!", "created_at": "2023-12-09T20:18:38.378Z", "read_status": false, "associated_model_type": "listing", "associated_model_id": 14}}, {"model": "notifications.notification", "pk": 42, "fields": {"user": 3, "content": "A new pet listing 'Rio' is available for adoption!", "created_at": "2023-12-09T20:18:38.379Z", "read_status": false, "associated_model_type": "listing", "associated_model_id": 14}}, {"model": "notifications.notification", "pk": 43, "fields": {"user": 1, "content": "A new pet listing 'Sunny' is available for adoption!", "created_at": "2023-12-09T20:19:35.370Z", "read_status": false, "associated_model_type": "listing", "associated_model_id": 15}}, {"model": "notifications.notification", "pk": 44, "fields": {"user": 2, "content": "A new pet listing 'Sunny' is available for adoption!", "created_at": "2023-12-09T20:19:35.372Z", "read_status": false, "associated_model_type": "listing", "associated_model_id": 15}}, {"model": "notifications.notification", "pk": 45, "fields": {"user": 3, "content": "A new pet listing 'Sunny' is available for adoption!", "created_at": "2023-12-09T20:19:35.373Z", "read_status": false, "associated_model_type": "listing", "associated_model_id": 15}}, {"model": "notifications.notification", "pk": 46, "fields": {"user": 1, "content": "A new pet listing 'Cotton' is available for adoption!", "created_at": "2023-12-09T20:21:00.655Z", "read_status": false, "associated_model_type": "listing", "associated_model_id": 16}}, {"model": "notifications.notification", "pk": 47, "fields": {"user": 2, "content": "A new pet listing 'Cotton' is available for adoption!", "created_at": "2023-12-09T20:21:00.657Z", "read_status": false, "associated_model_type": "listing", "associated_model_id": 16}}, {"model": "notifications.notification", "pk": 48, "fields": {"user": 3, "content": "A new pet listing 'Cotton' is available for adoption!", "created_at": "2023-12-09T20:21:00.659Z", "read_status": false, "associated_model_type": "listing", "associated_model_id": 16}}, {"model": "notifications.notification", "pk": 49, "fields": {"user": 1, "content": "A new pet listing 'Bunny' is available for adoption!", "created_at": "2023-12-09T20:21:35.020Z", "read_status": false, "associated_model_type": "listing", "associated_model_id": 17}}, {"model": "notifications.notification", "pk": 50, "fields": {"user": 2, "content": "A new pet listing 'Bunny' is available for adoption!", "created_at": "2023-12-09T20:21:35.022Z", "read_status": false, "associated_model_type": "listing", "associated_model_id": 17}}, {"model": "notifications.notification", "pk": 51, "fields": {"user": 3, "content": "A new pet listing 'Bunny' is available for adoption!", "created_at": "2023-12-09T20:21:35.023Z", "read_status": false, "associated_model_type": "listing", "associated_model_id": 17}}, {"model": "notifications.notification", "pk": 52, "fields": {"user": 1, "content": "A new pet listing 'BiggyEars' is available for adoption!", "created_at": "2023-12-09T20:24:03.233Z", "read_status": false, "associated_model_type": "listing", "associated_model_id": 18}}, {"model": "notifications.notification", "pk": 53, "fields": {"user": 2, "content": "A new pet listing 'BiggyEars' is available for adoption!", "created_at": "2023-12-09T20:24:03.236Z", "read_status": false, "associated_model_type": "listing", "associated_model_id": 18}}, {"model": "notifications.notification", "pk": 54, "fields": {"user": 3, "content": "A new pet listing 'BiggyEars' is available for adoption!", "created_at": "2023-12-09T20:24:03.237Z", "read_status": false, "associated_model_type": "listing", "associated_model_id": 18}}, {"model": "notifications.notification", "pk": 55, "fields": {"user": 1, "content": "A new pet listing 'Remy' is available for adoption!", "created_at": "2023-12-09T20:25:30.098Z", "read_status": false, "associated_model_type": "listing", "associated_model_id": 19}}, {"model": "notifications.notification", "pk": 56, "fields": {"user": 2, "content": "A new pet listing 'Remy' is available for adoption!", "created_at": "2023-12-09T20:25:30.102Z", "read_status": false, "associated_model_type": "listing", "associated_model_id": 19}}, {"model": "notifications.notification", "pk": 57, "fields": {"user": 3, "content": "A new pet listing 'Remy' is available for adoption!", "created_at": "2023-12-09T20:25:30.103Z", "read_status": false, "associated_model_type": "listing", "associated_model_id": 19}}, {"model": "notifications.notification", "pk": 58, "fields": {"user": 1, "content": "A new pet listing 'Jerry' is available for adoption!", "created_at": "2023-12-09T20:26:26.494Z", "read_status": false, "associated_model_type": "listing", "associated_model_id": 20}}, {"model": "notifications.notification", "pk": 59, "fields": {"user": 2, "content": "A new pet listing 'Jerry' is available for adoption!", "created_at": "2023-12-09T20:26:26.496Z", "read_status": false, "associated_model_type": "listing", "associated_model_id": 20}}, {"model": "notifications.notification", "pk": 60, "fields": {"user": 3, "content": "A new pet listing 'Jerry' is available for adoption!", "created_at": "2023-12-09T20:26:26.498Z", "read_status": false, "associated_model_type": "listing", "associated_model_id": 20}}, {"model": "notifications.notification", "pk": 61, "fields": {"user": 1, "content": "A new pet listing 'Tom' is available for adoption!", "created_at": "2023-12-09T20:27:20.622Z", "read_status": false, "associated_model_type": "listing", "associated_model_id": 21}}, {"model": "notifications.notification", "pk": 62, "fields": {"user": 2, "content": "A new pet listing 'Tom' is available for adoption!", "created_at": "2023-12-09T20:27:20.623Z", "read_status": false, "associated_model_type": "listing", "associated_model_id": 21}}, {"model": "notifications.notification", "pk": 63, "fields": {"user": 3, "content": "A new pet listing 'Tom' is available for adoption!", "created_at": "2023-12-09T20:27:20.624Z", "read_status": true, "associated_model_type": "listing", "associated_model_id": 21}}, {"model": "notifications.notification", "pk": 64, "fields": {"user": 1, "content": "A new pet listing 'Spike and Tyke' is available for adoption!", "created_at": "2023-12-09T20:28:29.716Z", "read_status": false, "associated_model_type": "listing", "associated_model_id": 22}}, {"model": "notifications.notification", "pk": 65, "fields": {"user": 2, "content": "A new pet listing 'Spike and Tyke' is available for adoption!", "created_at": "2023-12-09T20:28:29.718Z", "read_status": false, "associated_model_type": "listing", "associated_model_id": 22}}, {"model": "notifications.notification", "pk": 66, "fields": {"user": 3, "content": "A new pet listing 'Spike and Tyke' is available for adoption!", "created_at": "2023-12-09T20:28:29.719Z", "read_status": false, "associated_model_type": "listing", "associated_model_id": 22}}, {"model": "notifications.notification", "pk": 67, "fields": {"user": 1, "content": "A new pet listing 'Oswald' is available for adoption!", "created_at": "2023-12-09T20:31:52.630Z", "read_status": false, "associated_model_type": "listing", "associated_model_id": 23}}, {"model": "notifications.notification", "pk": 68, "fields": {"user": 2, "content": "A new pet listing 'Oswald' is available for adoption!", "created_at": "2023-12-09T20:31:52.632Z", "read_status": false, "associated_model_type": "listing", "associated_model_id": 23}}, {"model": "notifications.notification", "pk": 69, "fields": {"user": 3, "content": "A new pet listing 'Oswald' is available for adoption!", "created_at": "2023-12-09T20:31:52.633Z", "read_status": true, "associated_model_type": "listing", "associated_model_id": 23}}, {"model": "notifications.notification", "pk": 70, "fields": {"user": 4, "content": "A new comment has been added to your shelter profile.", "created_at": "2023-12-09T21:26:36.192Z", "read_status": true, "associated_model_type": "comment", "associated_model_id": 1}}]